{
  "Offers": [
    {
      "Rewards": [
        {
          "ItemType": 49,
          "Amount": 2,
          "BrawlerID": [0, 0],
          "Extra": 3,
          "ItemName": "",
          "BrawlerPower": 1
        }
      ],
      "Currency": 0,
      "Cost": 79,
      "Time": 86400,
      "Claim": false,
      "DailyOffer": false,
      "OldPrice": 149,
      "Text": "2 МИФИЧЕСКИХ ПРИЗА СТАРР",
      "Background": "offer_rarity_mythic",
      "Processed": false,
      "TypeBenefit": 0,
      "Benefit": 0,
      "OneTimeOffer": false,
      "ShopPanelLayout": [0, 0],
      "ShopStyleSet": [0, 0],
      "BoxType": 100,
      "IsForMoonEvent": true,
      "IsForPortalEvent": false,
      "IsForHorizonEvent": false,
      "LoadOnStartup": false,
      "StarrDrops": true,
      "NeedsBrawler": 0,
       "UpdateOffers": false,
      "PortaliumStarrDrop": false
    },
    {
      "Rewards": [
        {
          "ItemType": 45,
          "Amount": 2750,
          "BrawlerID": [0, 0],
          "Extra": 0,
          "ItemName": "Bling",
          "BrawlerPower": 1
        }
      ],
      "Currency": 0,
      "Cost": 49,
      "Time": 86400,
      "Claim": false,
      "DailyOffer": false,
      "OldPrice": 79,
      "Text": "ОСОБАЯ АКЦИЯ",
      "Background": "offer_deepsea",
      "Processed": false,
      "TypeBenefit": 0,
      "Benefit": 0,
      "OneTimeOffer": false,
      "ShopPanelLayout": [0, 0],
      "ShopStyleSet": [0, 0],
      "BoxType": 100,
      "IsForMoonEvent": true,
      "IsForPortalEvent": false,
      "IsForHorizonEvent": false,
      "LoadOnStartup": false,
      "StarrDrops": false,
      "NeedsBrawler": 0,
       "UpdateOffers": false,
      "PortaliumStarrDrop": false
    },
    {
      "Rewards": [
        {
          "ItemType": 3,
          "Amount": 1,
          "BrawlerID": [16, 59],
          "Extra": 0,
          "ItemName": "",
          "BrawlerPower": 1
        },
        {
          "ItemType": 4,
          "Amount": 1,
          "BrawlerID": [0, 0],
          "Extra": 538,
          "ItemName": "",
          "BrawlerPower": 1
        }
      ],
      "Currency": 0,
      "Cost": 169,
      "Time": 86400,
      "Claim": false,
      "DailyOffer": false,
      "OldPrice": 249,
      "Text": "ОТИС + СКИН",
      "Background": "offer_bgr_deepsea",
      "Processed": false,
      "TypeBenefit": 0,
      "Benefit": 0,
      "OneTimeOffer": false,
      "ShopPanelLayout": [69, 1],
      "ShopStyleSet": [0, 0],
      "BoxType": 100,
      "IsForMoonEvent": true,
      "IsForPortalEvent": false,
      "IsForHorizonEvent": false,
      "LoadOnStartup": false,
      "StarrDrops": false,
      "NeedsBrawler": 0,
       "UpdateOffers": false,
      "PortaliumStarrDrop": false
    },
    {
      "Rewards": [
        {
          "ItemType": 41,
          "Amount": 725,
          "BrawlerID": [0, 0],
          "Extra": 0,
          "ItemName": "PowerPoints",
          "BrawlerPower": 1
        }
      ],
      "Currency": 0,
      "Cost": 45,
      "Time": 86400,
      "Claim": false,
      "DailyOffer": false,
      "OldPrice": 0,
      "Text": "ОЧКИ СИЛЫ",
      "Background": "offer_deepsea",
      "Processed": false,
      "TypeBenefit": 0,
      "Benefit": 0,
      "OneTimeOffer": false,
      "ShopPanelLayout": [0, 0],
      "ShopStyleSet": [0, 0],
      "BoxType": 100,
      "IsForMoonEvent": true,
      "IsForPortalEvent": false,
      "IsForHorizonEvent": false,
      "LoadOnStartup": false,
      "StarrDrops": false,
      "NeedsBrawler": 0,
       "UpdateOffers": false,
      "PortaliumStarrDrop": false
    },
    {
      "Rewards": [
        {
          "ItemType": 41,
          "Amount": 1250,
          "BrawlerID": [0, 0],
          "Extra": 0,
          "ItemName": "PowerPoints",
          "BrawlerPower": 1
        },
        {
          "ItemType": 1,
          "Amount": 1250,
          "BrawlerID": [0, 0],
          "Extra": 0,
          "ItemName": "Coins",
          "BrawlerPower": 1
        }
      ],
      "Currency": 0,
      "Cost": 99,
      "Time": 86400,
      "Claim": false,
      "DailyOffer": false,
      "OldPrice": 0,
      "Text": "ОСОБАЯ АКЦИЯ",
      "Background": "offer_deepsea",
      "Processed": false,
      "TypeBenefit": 0,
      "Benefit": 0,
      "OneTimeOffer": false,
      "ShopPanelLayout": [0, 0],
      "ShopStyleSet": [0, 0],
      "BoxType": 100,
      "IsForMoonEvent": true,
      "IsForPortalEvent": false,
      "IsForHorizonEvent": false,
      "LoadOnStartup": false,
      "StarrDrops": false,
      "NeedsBrawler": 0,
       "UpdateOffers": false,
      "PortaliumStarrDrop": false
    },
    {
      "Rewards": [
        {
          "ItemType": 19,
          "Amount": 1,
          "BrawlerID": [0, 0],
          "Extra": 1195,
          "ItemName": "OwnedPins",
          "BrawlerPower": 1
        }
      ],
      "Currency": 0,
      "Cost": 29,
      "Time": 86400,
      "Claim": false,
      "DailyOffer": false,
      "OldPrice": 0,
      "Text": "ОСОБЫЙ ЗНАЧОК",
      "Background": "offer_deepsea",
      "Processed": false,
      "TypeBenefit": 0,
      "Benefit": 0,
      "OneTimeOffer": false,
      "ShopPanelLayout": [0, 0],
      "ShopStyleSet": [0, 0],
      "BoxType": 100,
      "IsForMoonEvent": true,
      "IsForPortalEvent": false,
      "IsForHorizonEvent": false,
      "LoadOnStartup": false,
      "StarrDrops": false,
      "NeedsBrawler": 0,
       "UpdateOffers": false,
      "PortaliumStarrDrop": false
    },
    {
      "Rewards": [
        {
          "ItemType": 3,
          "Amount": 1,
          "BrawlerID": [16, 71],
          "Extra": 0,
          "ItemName": "",
          "BrawlerPower": 1
        }
      ],
      "Currency": 0,
      "Cost": 129,
      "Time": 86400,
      "Claim": true,
      "DailyOffer": false,
      "OldPrice": 149,
      "Text": "ОСОБАЯ АКЦИЯ",
      "Background": "offer_deepsea",
      "Processed": false,
      "TypeBenefit": 0,
      "Benefit": 0,
      "OneTimeOffer": false,
      "ShopPanelLayout": [0, 0],
      "ShopStyleSet": [0, 0],
      "BoxType": 100,
      "IsForMoonEvent": true,
      "IsForPortalEvent": false,
      "IsForHorizonEvent": false,
      "LoadOnStartup": false,
      "StarrDrops": false,
      "NeedsBrawler": 0,
       "UpdateOffers": false,
      "PortaliumStarrDrop": false
    },
    {
      "Rewards": [
        {
          "ItemType": 19,
          "Amount": 1,
          "BrawlerID": [0, 0],
          "Extra": 1156,
          "ItemName": "OwnedPins",
          "BrawlerPower": 1
        },
        {
          "ItemType": 19,
          "Amount": 1,
          "BrawlerID": [0, 0],
          "Extra": 1157,
          "ItemName": "OwnedPins",
          "BrawlerPower": 1
        },
        {
          "ItemType": 19,
          "Amount": 1,
          "BrawlerID": [0, 0],
          "Extra": 1160,
          "ItemName": "OwnedPins",
          "BrawlerPower": 1
        }
      ],
      "Currency": 0,
      "Cost": 29,
      "Time": 86400,
      "Claim": false,
      "DailyOffer": false,
      "OldPrice": 0,
      "Text": "ОБЫЧНЫЕ ЗНАЧКИ",
      "Background": "",
      "Processed": false,
      "TypeBenefit": 0,
      "Benefit": 0,
      "OneTimeOffer": false,
      "ShopPanelLayout": [0, 0],
      "ShopStyleSet": [0, 0],
      "BoxType": 100,
      "IsForMoonEvent": true,
      "IsForPortalEvent": true,
      "IsForHorizonEvent": false,
      "LoadOnStartup": false,
      "StarrDrops": false,
      "NeedsBrawler": 71,
       "UpdateOffers": false,
      "PortaliumStarrDrop": false
    },
    {
      "Rewards": [
        {
          "ItemType": 19,
          "Amount": 1,
          "BrawlerID": [0, 0],
          "Extra": 1158,
          "ItemName": "OwnedPins",
          "BrawlerPower": 1
        },
        {
          "ItemType": 19,
          "Amount": 1,
          "BrawlerID": [0, 0],
          "Extra": 1163,
          "ItemName": "OwnedPins",
          "BrawlerPower": 1
        }
      ],
      "Currency": 0,
      "Cost": 49,
      "Time": 86400,
      "Claim": false,
      "DailyOffer": false,
      "OldPrice": 0,
      "Text": "РЕДКИЕ ЗНАЧКИ",
      "Background": "",
      "Processed": false,
      "TypeBenefit": 0,
      "Benefit": 0,
      "OneTimeOffer": false,
      "ShopPanelLayout": [0, 0],
      "ShopStyleSet": [0, 0],
      "BoxType": 100,
      "IsForMoonEvent": true,
      "IsForPortalEvent": true,
      "IsForHorizonEvent": false,
      "LoadOnStartup": false,
      "StarrDrops": false,
      "NeedsBrawler": 71,
       "UpdateOffers": false,
      "PortaliumStarrDrop": false
    },
    {
      "Rewards": [
        {
          "ItemType": 19,
          "Amount": 1,
          "BrawlerID": [0, 0],
          "Extra": 1159,
          "ItemName": "OwnedPins",
          "BrawlerPower": 1
        },
        {
          "ItemType": 19,
          "Amount": 1,
          "BrawlerID": [0, 0],
          "Extra": 1161,
          "ItemName": "OwnedPins",
          "BrawlerPower": 1
        },
        {
          "ItemType": 19,
          "Amount": 1,
          "BrawlerID": [0, 0],
          "Extra": 1162,
          "ItemName": "OwnedPins",
          "BrawlerPower": 1
        }
      ],
      "Currency": 0,
      "Cost": 79,
      "Time": 86400,
      "Claim": false,
      "DailyOffer": false,
      "OldPrice": 0,
      "Text": "ЭПИЧЕСКИЕ ЗНАЧКИ",
      "Background": "",
      "Processed": false,
      "TypeBenefit": 0,
      "Benefit": 0,
      "OneTimeOffer": false,
      "ShopPanelLayout": [0, 0],
      "ShopStyleSet": [0, 0],
      "BoxType": 100,
      "IsForMoonEvent": true,
      "IsForPortalEvent": true,
      "IsForHorizonEvent": false,
      "LoadOnStartup": false,
      "StarrDrops": false,
      "NeedsBrawler": 71,
       "UpdateOffers": false,
      "PortaliumStarrDrop": false
    },
    {
      "Rewards": [
        {
          "ItemType": 1,
          "Amount": 2000,
          "BrawlerID": [0, 0],
          "Extra": 0,
          "ItemName": "Coins",
          "BrawlerPower": 1
        },
        {
          "ItemType": 25,
          "Amount": 1,
          "BrawlerID": [0, 0],
          "Extra": 173,
          "ItemName": "OwnedThumbnails",
          "BrawlerPower": 1
        }
      ],
      "Currency": 0,
      "Cost": 79,
      "Time": 86400,
      "Claim": false,
      "DailyOffer": false,
      "OldPrice": 0,
      "Text": "ЗОЛОТОЙ НАБОР",
      "Background": "offer_ramadan22",
      "Processed": false,
      "TypeBenefit": 0,
      "Benefit": 0,
      "OneTimeOffer": false,
      "ShopPanelLayout": [0, 0],
      "ShopStyleSet": [0, 0],
      "BoxType": 100,
      "IsForMoonEvent": true,
      "IsForPortalEvent": false,
      "IsForHorizonEvent": false,
      "LoadOnStartup": false,
      "StarrDrops": false,
      "NeedsBrawler": 0,
       "UpdateOffers": false,
      "PortaliumStarrDrop": false
    },
    {
      "Rewards": [
        {
          "ItemType": 16,
          "Amount": 30,
          "BrawlerID": [0, 0],
          "Extra": 0,
          "ItemName": "Gems",
          "BrawlerPower": 1
        }
      ],
      "Currency": 0,
      "Cost": 0,
      "Time": 86400,
      "Claim": false,
      "DailyOffer": false,
      "OldPrice": 0,
      "Text": "ПОДАРОК",
      "Background": "offer_deepsea",
      "Processed": false,
      "TypeBenefit": 0,
      "Benefit": 0,
      "OneTimeOffer": false,
      "ShopPanelLayout": [0, 0],
      "ShopStyleSet": [0, 0],
      "BoxType": 100,
      "IsForMoonEvent": true,
      "IsForPortalEvent": false,
      "IsForHorizonEvent": false,
      "LoadOnStartup": false,
      "StarrDrops": false,
      "NeedsBrawler": 0,
       "UpdateOffers": false,
      "PortaliumStarrDrop": false
    },
    {
      "Rewards": [
        {
          "ItemType": 4,
          "Amount": 1,
          "BrawlerID": [0, 0],
          "Extra": 669,
          "ItemName": "",
          "BrawlerPower": 1
        }
      ],
      "Currency": 0,
      "Cost": 0,
      "Time": 86400,
      "Claim": false,
      "DailyOffer": false,
      "OldPrice": 0,
      "Text": "ДЖУНГЛЕВЫЕ ПОДАРКИ!",
      "Background": "offer_jungle",
      "Processed": false,
      "TypeBenefit": 0,
      "Benefit": 0,
      "OneTimeOffer": false,
      "ShopPanelLayout": [0, 0],
      "ShopStyleSet": [0, 0],
      "BoxType": 100,
      "IsForMoonEvent": true,
      "IsForPortalEvent": false,
      "IsForHorizonEvent": false,
      "LoadOnStartup": false,
      "StarrDrops": false,
      "NeedsBrawler": 1,
       "UpdateOffers": false,
      "PortaliumStarrDrop": false
    },
    {
      "Rewards": [
        {
          "ItemType": 3,
          "Amount": 1,
          "BrawlerID": [16, 49],
          "Extra": 0,
          "ItemName": "",
          "BrawlerPower": 1
        }
      ],
      "Currency": 0,
      "Cost": 129,
      "Time": 86400,
      "Claim": false,
      "DailyOffer": false,
      "OldPrice": 169,
      "Text": "ОСОБАЯ АКЦИЯ",
      "Background": "offer_rarity_mythic",
      "Processed": false,
      "TypeBenefit": 0,
      "Benefit": 0,
      "OneTimeOffer": false,
      "ShopPanelLayout": [0, 0],
      "ShopStyleSet": [0, 0],
      "BoxType": 100,
      "IsForMoonEvent": true,
      "IsForPortalEvent": false,
      "IsForHorizonEvent": false,
      "LoadOnStartup": false,
      "StarrDrops": false,
      "NeedsBrawler": 0,
       "UpdateOffers": false,
      "PortaliumStarrDrop": false
    },
    {
      "Rewards": [
        {
          "ItemType": 38,
          "Amount": 2500,
          "BrawlerID": [0, 0],
          "Extra": 0,
          "ItemName": "RecruitTokens",
          "BrawlerPower": 1
        }
      ],
      "Currency": 0,
      "Cost": 69,
      "Time": 86400,
      "Claim": false,
      "DailyOffer": false,
      "OldPrice": 0,
      "Text": "ОСОБАЯ АКЦИЯ",
      "Background": "offer_deepsea",
      "Processed": false,
      "TypeBenefit": 2,
      "Benefit": 50,
      "OneTimeOffer": false,
      "ShopPanelLayout": [0, 0],
      "ShopStyleSet": [0, 0],
      "BoxType": 100,
      "IsForMoonEvent": true,
      "IsForPortalEvent": false,
      "IsForHorizonEvent": false,
      "LoadOnStartup": false,
      "StarrDrops": false,
      "NeedsBrawler": 0,
       "UpdateOffers": false,
      "PortaliumStarrDrop": false
    },
    {
      "Rewards": [
        {
          "ItemType": 38,
          "Amount": 520,
          "BrawlerID": [0, 0],
          "Extra": 0,
          "ItemName": "RecruitTokens",
          "BrawlerPower": 1
        },
        {
          "ItemType": 39,
          "Amount": 520,
          "BrawlerID": [0, 0],
          "Extra": 0,
          "ItemName": "ChromaticCoins",
          "BrawlerPower": 1
        }
      ],
      "Currency": 0,
      "Cost": 99,
      "Time": 86400,
      "Claim": false,
      "DailyOffer": false,
      "OldPrice": 0,
      "Text": "ОСОБАЯ АКЦИЯ",
      "Background": "offer_deepsea",
      "Processed": false,
      "TypeBenefit": 1,
      "Benefit": 50,
      "OneTimeOffer": false,
      "ShopPanelLayout": [0, 0],
      "ShopStyleSet": [0, 0],
      "BoxType": 100,
      "IsForMoonEvent": true,
      "IsForPortalEvent": false,
      "IsForHorizonEvent": false,
      "LoadOnStartup": false,
      "StarrDrops": false,
      "NeedsBrawler": 0,
       "UpdateOffers": false,
      "PortaliumStarrDrop": false
    },
    {
      "Rewards": [
        {
          "ItemType": 16,
          "Amount": 90,
          "BrawlerID": [0, 0],
          "Extra": 0,
          "ItemName": "Gems",
          "BrawlerPower": 1
        }
      ],
      "Currency": 8,
      "Cost": 99,
      "Time": 86400,
      "Claim": false,
      "DailyOffer": false,
      "OldPrice": 0,
      "Text": "ОСОБАЯ АКЦИЯ",
      "Background": "offer_deepsea",
      "Processed": false,
      "TypeBenefit": 1,
      "Benefit": 6,
      "OneTimeOffer": false,
      "ShopPanelLayout": [0, 0],
      "ShopStyleSet": [0, 0],
      "BoxType": 100,
      "IsForMoonEvent": true,
      "IsForPortalEvent": false,
      "IsForHorizonEvent": false,
      "LoadOnStartup": false,
      "StarrDrops": false,
      "NeedsBrawler": 0,
       "UpdateOffers": false,
      "PortaliumStarrDrop": false
    },
    {
      "Rewards": [
        {
          "ItemType": 41,
          "Amount": 1100,
          "BrawlerID": [0, 0],
          "Extra": 0,
          "ItemName": "PowerPoints",
          "BrawlerPower": 1
        }
      ],
      "Currency": 0,
      "Cost": 99,
      "Time": 86400,
      "Claim": false,
      "DailyOffer": false,
      "OldPrice": 220,
      "Text": "ОСОБАЯ АКЦИЯ",
      "Background": "offer_deepsea",
      "Processed": false,
      "TypeBenefit": 2,
      "Benefit": 100,
      "OneTimeOffer": false,
      "ShopPanelLayout": [0, 0],
      "ShopStyleSet": [0, 0],
      "BoxType": 100,
      "IsForMoonEvent": true,
      "IsForPortalEvent": false,
      "IsForHorizonEvent": false,
      "LoadOnStartup": false,
      "StarrDrops": false,
      "NeedsBrawler": 0,
       "UpdateOffers": false,
      "PortaliumStarrDrop": false
    },
    {
      "Rewards": [
        {
          "ItemType": 1,
          "Amount": 1000,
          "BrawlerID": [0, 0],
          "Extra": 0,
          "ItemName": "Coins",
          "BrawlerPower": 1
        }
      ],
      "Currency": 0,
      "Cost": 79,
      "Time": 86400,
      "Claim": false,
      "DailyOffer": false,
      "OldPrice": 100,
      "Text": "АКЦИЯ К ПОВЫШЕНИЮ УРОВНЯ",
      "Background": "offer_overcharge",
      "Processed": false,
      "TypeBenefit": 1,
      "Benefit": 4,
      "OneTimeOffer": false,
      "ShopPanelLayout": [0, 0],
      "ShopStyleSet": [0, 0],
      "BoxType": 100,
      "IsForMoonEvent": true,
      "IsForPortalEvent": false,
      "IsForHorizonEvent": false,
      "LoadOnStartup": false,
      "StarrDrops": false,
      "NeedsBrawler": 0,
       "UpdateOffers": false,
      "PortaliumStarrDrop": false
    },
    {
      "Rewards": [
        {
          "ItemType": 41,
          "Amount": 1000,
          "BrawlerID": [0, 0],
          "Extra": 0,
          "ItemName": "PowerPoints",
          "BrawlerPower": 1
        }
      ],
      "Currency": 0,
      "Cost": 49,
      "Time": 86400,
      "Claim": false,
      "DailyOffer": false,
      "OldPrice": 200,
      "Text": "АКЦИЯ К ПОВЫШЕНИЮ УРОВНЯ",
      "Background": "offer_overcharge",
      "Processed": false,
      "TypeBenefit": 1,
      "Benefit": 4,
      "OneTimeOffer": false,
      "ShopPanelLayout": [0, 0],
      "ShopStyleSet": [0, 0],
      "BoxType": 100,
      "IsForMoonEvent": true,
      "IsForPortalEvent": false,
      "IsForHorizonEvent": false,
      "LoadOnStartup": false,
      "StarrDrops": false,
      "NeedsBrawler": 0,
       "UpdateOffers": false,
      "PortaliumStarrDrop": false
    },
    {
      "Rewards": [
        {
          "ItemType": 49,
          "Amount": 1,
          "BrawlerID": [0, 0],
          "Extra": 3,
          "ItemName": "",
          "BrawlerPower": 1
        }
      ],
      "Currency": 0,
      "Cost": 0,
      "Time": 86400,
      "Claim": false,
      "DailyOffer": false,
      "OldPrice": 200,
      "Text": "МИФИЧЕСКИЙ ПРИЗ СТАРР",
      "Background": "offer_rarity_mythic",
      "Processed": false,
      "TypeBenefit": 0,
      "Benefit": 0,
      "OneTimeOffer": false,
      "ShopPanelLayout": [0, 0],
      "ShopStyleSet": [0, 0],
      "BoxType": 100,
      "IsForMoonEvent": true,
      "IsForPortalEvent": false,
      "IsForHorizonEvent": false,
      "LoadOnStartup": false,
      "StarrDrops": true,
      "NeedsBrawler": 0,
       "UpdateOffers": false,
      "PortaliumStarrDrop": false
    },
    {
      "Rewards": [
        {
          "ItemType": 25,
          "Amount": 1,
          "BrawlerID": [16, 50],
          "Extra": 229,
          "ItemName": "",
          "BrawlerPower": 1
        }
      ],
      "Currency": 0,
      "Cost": 29,
      "Time": 86400,
      "Claim": false,
      "DailyOffer": false,
      "OldPrice": 0,
      "Text": "ОСОБАЯ АКЦИЯ",
      "Background": "offer_overcharge",
      "Processed": false,
      "TypeBenefit": 0,
      "Benefit": 0,
      "OneTimeOffer": false,
      "ShopPanelLayout": [0, 0],
      "ShopStyleSet": [0, 0],
      "BoxType": 100,
      "IsForMoonEvent": true,
      "IsForPortalEvent": false,
      "IsForHorizonEvent": false,
      "LoadOnStartup": false,
      "StarrDrops": false,
      "NeedsBrawler": 0,
       "UpdateOffers": false,
      "PortaliumStarrDrop": false
    },
    {
      "Rewards": [
        {
          "ItemType": 19,
          "Amount": 1,
          "BrawlerID": [0, 0],
          "Extra": 1305,
          "ItemName": "",
          "BrawlerPower": 1
        }
      ],
      "Currency": 0,
      "Cost": 0,
      "Time": 86400,
      "Claim": false,
      "DailyOffer": false,
      "OldPrice": 200,
      "Text": "TOXIC PIN",
      "Background": "offer_enchanted",
      "Processed": false,
      "TypeBenefit": 0,
      "Benefit": 0,
      "OneTimeOffer": false,
      "ShopPanelLayout": [0, 0],
      "ShopStyleSet": [0, 0],
      "BoxType": 100,
      "IsForMoonEvent": true,
      "IsForPortalEvent": false,
      "IsForHorizonEvent": false,
      "LoadOnStartup": false,
      "StarrDrops": false,
      "NeedsBrawler": 0,
      "UpdateOffers": false,
      "PortaliumStarrDrop": false
    },
    {
      "Rewards": [
        {
          "ItemType": 3,
          "Amount": 1,
          "BrawlerID": [16, 72],
          "Extra": 0,
          "ItemName": "",
          "BrawlerPower": 1
        },
        {
          "ItemType": 4,
          "Amount": 1,
          "BrawlerID": [16, 72],
          "Extra": 711,
          "ItemName": "",
          "BrawlerPower": 1
        }
      ],
      "Currency": 0,
      "Cost": 99,
      "Time": 86400,
      "Claim": true,
      "DailyOffer": false,
      "OldPrice": 149,
      "Text": "ПЕРЛ + СКИН",
      "Background": "offer_bgr_overcharge",
      "Processed": false,
      "TypeBenefit": 0,
      "Benefit": 0,
      "OneTimeOffer": false,
      "ShopPanelLayout": [69, 1],
      "ShopStyleSet": [0, 0],
      "BoxType": 100,
      "IsForMoonEvent": true,
      "IsForPortalEvent": false,
      "IsForHorizonEvent": false,
      "LoadOnStartup": false,
      "StarrDrops": false,
      "NeedsBrawler": 0,
      "UpdateOffers": false,
      "PortaliumStarrDrop": false
    },
    {
      "Rewards": [
        {
          "ItemType": 1,
          "Amount": 1000,
          "BrawlerID": [16, 72],
          "Extra": 0,
          "ItemName": "",
          "BrawlerPower": 1
        }
      ],
      "Currency": 0,
      "Cost": 0,
      "Time": 86400,
      "Claim": false,
      "DailyOffer": false,
      "OldPrice": 149,
      "Text": "ПОДАРОК",
      "Background": "offer_deepsea",
      "Processed": false,
      "TypeBenefit": 0,
      "Benefit": 0,
      "OneTimeOffer": false,
      "ShopPanelLayout": [0, 0],
      "ShopStyleSet": [0, 0],
      "BoxType": 100,
      "IsForMoonEvent": true,
      "IsForPortalEvent": false,
      "IsForHorizonEvent": false,
      "LoadOnStartup": false,
      "StarrDrops": false,
      "NeedsBrawler": 0,
      "UpdateOffers": false,
      "PortaliumStarrDrop": false
    },
    {
      "Rewards": [
        {
          "ItemType": 19,
          "Amount": 1,
          "BrawlerID": [0, 0],
          "Extra": 328,
          "ItemName": "",
          "BrawlerPower": 1
        }
      ],
      "Currency": 0,
      "Cost": 0,
      "Time": 86400,
      "Claim": false,
      "DailyOffer": false,
      "OldPrice": 0,
      "Text": "",
      "Background": "",
      "Processed": false,
      "TypeBenefit": 0,
      "Benefit": 0,
      "OneTimeOffer": false,
      "ShopPanelLayout": [69, 2],
      "ShopStyleSet": [0, 0],
      "BoxType": 100,
      "IsForMoonEvent": true,
      "IsForPortalEvent": false,
      "IsForHorizonEvent": false,
      "LoadOnStartup": false,
      "StarrDrops": false,
      "NeedsBrawler": 0,
      "UpdateOffers": false,
      "PortaliumStarrDrop": false
    },
    {
      "Rewards": [
        {
          "ItemType": 19,
          "Amount": 1,
          "BrawlerID": [0, 0],
          "Extra": 331,
          "ItemName": "",
          "BrawlerPower": 1
        }
      ],
      "Currency": 0,
      "Cost": 9,
      "Time": 86400,
      "Claim": false,
      "DailyOffer": false,
      "OldPrice": 0,
      "Text": "",
      "Background": "",
      "Processed": false,
      "TypeBenefit": 0,
      "Benefit": 0,
      "OneTimeOffer": false,
      "ShopPanelLayout": [69, 2],
      "ShopStyleSet": [0, 0],
      "BoxType": 100,
      "IsForMoonEvent": true,
      "IsForPortalEvent": false,
      "IsForHorizonEvent": false,
      "LoadOnStartup": false,
      "StarrDrops": false,
      "NeedsBrawler": 0,
      "UpdateOffers": false,
      "PortaliumStarrDrop": false
    },
    {
      "Rewards": [
        {
          "ItemType": 19,
          "Amount": 1,
          "BrawlerID": [0, 0],
          "Extra": 333,
          "ItemName": "",
          "BrawlerPower": 1
        }
      ],
      "Currency": 0,
      "Cost": 9,
      "Time": 86400,
      "Claim": false,
      "DailyOffer": false,
      "OldPrice": 0,
      "Text": "",
      "Background": "",
      "Processed": false,
      "TypeBenefit": 0,
      "Benefit": 0,
      "OneTimeOffer": false,
      "ShopPanelLayout": [69, 2],
      "ShopStyleSet": [0, 0],
      "BoxType": 100,
      "IsForMoonEvent": true,
      "IsForPortalEvent": false,
      "IsForHorizonEvent": false,
      "LoadOnStartup": false,
      "StarrDrops": false,
      "NeedsBrawler": 0,
      "UpdateOffers": false,
      "PortaliumStarrDrop": false
    },
    {
      "Rewards": [
        {
          "ItemType": 19,
          "Amount": 1,
          "BrawlerID": [0, 0],
          "Extra": 329,
          "ItemName": "",
          "BrawlerPower": 1
        }
      ],
      "Currency": 0,
      "Cost": 9,
      "Time": 86400,
      "Claim": false,
      "DailyOffer": false,
      "OldPrice": 0,
      "Text": "",
      "Background": "",
      "Processed": false,
      "TypeBenefit": 0,
      "Benefit": 0,
      "OneTimeOffer": false,
      "ShopPanelLayout": [69, 2],
      "ShopStyleSet": [0, 0],
      "BoxType": 100,
      "IsForMoonEvent": true,
      "IsForPortalEvent": false,
      "IsForHorizonEvent": false,
      "LoadOnStartup": false,
      "StarrDrops": false,
      "NeedsBrawler": 0,
      "UpdateOffers": false,
      "PortaliumStarrDrop": false
    },
    {
      "Rewards": [
        {
          "ItemType": 19,
          "Amount": 1,
          "BrawlerID": [0, 0],
          "Extra": 330,
          "ItemName": "",
          "BrawlerPower": 1
        }
      ],
      "Currency": 0,
      "Cost": 29,
      "Time": 86400,
      "Claim": false,
      "DailyOffer": false,
      "OldPrice": 0,
      "Text": "",
      "Background": "",
      "Processed": false,
      "TypeBenefit": 0,
      "Benefit": 0,
      "OneTimeOffer": false,
      "ShopPanelLayout": [69, 2],
      "ShopStyleSet": [0, 0],
      "BoxType": 100,
      "IsForMoonEvent": true,
      "IsForPortalEvent": false,
      "IsForHorizonEvent": false,
      "LoadOnStartup": false,
      "StarrDrops": false,
      "NeedsBrawler": 0,
      "UpdateOffers": false,
      "PortaliumStarrDrop": false
    },
    {
      "Rewards": [
        {
          "ItemType": 19,
          "Amount": 1,
          "BrawlerID": [0, 0],
          "Extra": 332,
          "ItemName": "",
          "BrawlerPower": 1
        }
      ],
      "Currency": 0,
      "Cost": 49,
      "Time": 86400,
      "Claim": false,
      "DailyOffer": false,
      "OldPrice": 0,
      "Text": "",
      "Background": "",
      "Processed": false,
      "TypeBenefit": 0,
      "Benefit": 0,
      "OneTimeOffer": false,
      "ShopPanelLayout": [69, 2],
      "ShopStyleSet": [0, 0],
      "BoxType": 100,
      "IsForMoonEvent": true,
      "IsForPortalEvent": false,
      "IsForHorizonEvent": false,
      "LoadOnStartup": false,
      "StarrDrops": false,
      "NeedsBrawler": 0,
      "UpdateOffers": false,
      "PortaliumStarrDrop": false
    },
    {
      "Rewards": [
        {
          "ItemType": 19,
          "Amount": 1,
          "BrawlerID": [0, 0],
          "Extra": 335,
          "ItemName": "",
          "BrawlerPower": 1
        }
      ],
      "Currency": 0,
      "Cost": 49,
      "Time": 86400,
      "Claim": false,
      "DailyOffer": false,
      "OldPrice": 0,
      "Text": "",
      "Background": "",
      "Processed": false,
      "TypeBenefit": 0,
      "Benefit": 0,
      "OneTimeOffer": false,
      "ShopPanelLayout": [69, 2],
      "ShopStyleSet": [0, 0],
      "BoxType": 100,
      "IsForMoonEvent": true,
      "IsForPortalEvent": false,
      "IsForHorizonEvent": false,
      "LoadOnStartup": false,
      "StarrDrops": false,
      "NeedsBrawler": 0,
      "UpdateOffers": false,
      "PortaliumStarrDrop": false
    },
    {
      "Rewards": [
        {
          "ItemType": 19,
          "Amount": 1,
          "BrawlerID": [0, 0],
          "Extra": 334,
          "ItemName": "",
          "BrawlerPower": 1
        }
      ],
      "Currency": 0,
      "Cost": 49,
      "Time": 86400,
      "Claim": false,
      "DailyOffer": false,
      "OldPrice": 0,
      "Text": "",
      "Background": "",
      "Processed": false,
      "TypeBenefit": 0,
      "Benefit": 0,
      "OneTimeOffer": false,
      "ShopPanelLayout": [69, 2],
      "ShopStyleSet": [0, 0],
      "BoxType": 100,
      "IsForMoonEvent": true,
      "IsForPortalEvent": false,
      "IsForHorizonEvent": false,
      "LoadOnStartup": false,
      "StarrDrops": false,
      "NeedsBrawler": 0,
      "UpdateOffers": false,
      "PortaliumStarrDrop": false
    },
    {
      "Rewards": [
        {
          "ItemType": 49,
          "Amount": 1,
          "BrawlerID": [0, 0],
          "Extra": 5,
          "ItemName": "",
          "BrawlerPower": 1
        }
      ],
      "Currency": 0,
      "Cost": 0,
      "Time": 86400,
      "Claim": true,
      "DailyOffer": false,
      "OldPrice": 0,
      "Text": "MEGA PIG AWARD",
      "Background": "",
      "Processed": false,
      "TypeBenefit": 0,
      "Benefit": 0,
      "OneTimeOffer": false,
      "ShopPanelLayout": [0, 0],
      "ShopStyleSet": [0, 0],
      "BoxType": 100,
      "IsForMoonEvent": true,
      "IsForPortalEvent": false,
      "IsForHorizonEvent": false,
      "LoadOnStartup": false,
      "StarrDrops": true,
      "NeedsBrawler": 0,
      "UpdateOffers": false,
      "PortaliumStarrDrop": false
    },
    {
      "Rewards": [
        {
          "ItemType": 49,
          "Amount": 1,
          "BrawlerID": [0, 0],
          "Extra": 4,
          "ItemName": "",
          "BrawlerPower": 1
        }
      ],
      "Currency": 0,
      "Cost": 0,
      "Time": 86400,
      "Claim": true,
      "DailyOffer": false,
      "OldPrice": 0,
      "Text": "MEGA PIG AWARD",
      "Background": "",
      "Processed": false,
      "TypeBenefit": 0,
      "Benefit": 0,
      "OneTimeOffer": false,
      "ShopPanelLayout": [0, 0],
      "ShopStyleSet": [0, 0],
      "BoxType": 100,
      "IsForMoonEvent": true,
      "IsForPortalEvent": false,
      "IsForHorizonEvent": false,
      "LoadOnStartup": false,
      "StarrDrops": true,
      "NeedsBrawler": 0,
      "UpdateOffers": false,
      "PortaliumStarrDrop": true
    },
    {
      "Rewards": [
        {
          "ItemType": 3,
          "Amount": 1,
          "BrawlerID": [16, 72],
          "Extra": 0,
          "ItemName": "",
          "BrawlerPower": 1
        },
        {
          "ItemType": 19,
          "Amount": 1,
          "BrawlerID": [16, 72],
          "Extra": 1253,
          "ItemName": "",
          "BrawlerPower": 1
        },
        {
          "ItemType": 45,
          "Amount": 1250,
          "BrawlerID": [0, 0],
          "Extra": 0,
          "ItemName": "",
          "BrawlerPower": 1
        }
      ],
      "Currency": 0,
      "Cost": 99,
      "Time": 86400,
      "Claim": false,
      "DailyOffer": false,
      "OldPrice": 149,
      "Text": "ПЕРЛ: РАННИЙ ДОСТУП\n(1/7)",
      "Background": "offer_bgr_wasteland",
      "Processed": false,
      "TypeBenefit": 0,
      "Benefit": 0,
      "OneTimeOffer": false,
      "ShopPanelLayout": [0, 0],
      "ShopStyleSet": [70, 0],
      "BoxType": 100,
      "IsForMoonEvent": true,
      "IsForPortalEvent": false,
      "IsForHorizonEvent": false,
      "LoadOnStartup": false,
      "StarrDrops": false,
      "NeedsBrawler": 0,
      "UpdateOffers": false,
      "PortaliumStarrDrop": false
    },
    {
      "Rewards": [
        {
          "ItemType": 19,
          "Amount": 1,
          "BrawlerID": [0, 0],
          "Extra": 1394,
          "ItemName": "",
          "BrawlerPower": 1
        }
      ],
      "Currency": 0,
      "Cost": 9,
      "Time": 86400,
      "Claim": false,
      "DailyOffer": false,
      "OldPrice": 0,
      "Text": "",
      "Background": "",
      "Processed": false,
      "TypeBenefit": 0,
      "Benefit": 0,
      "OneTimeOffer": false,
      "ShopPanelLayout": [69, 4],
      "ShopStyleSet": [0, 0],
      "BoxType": 100,
      "IsForMoonEvent": true,
      "IsForPortalEvent": false,
      "IsForHorizonEvent": false,
      "LoadOnStartup": false,
      "StarrDrops": false,
      "NeedsBrawler": 0,
      "UpdateOffers": false,
      "PortaliumStarrDrop": false
    },
    {
      "Rewards": [
        {
          "ItemType": 19,
          "Amount": 1,
          "BrawlerID": [0, 0],
          "Extra": 1395,
          "ItemName": "",
          "BrawlerPower": 1
        }
      ],
      "Currency": 0,
      "Cost": 9,
      "Time": 86400,
      "Claim": false,
      "DailyOffer": false,
      "OldPrice": 0,
      "Text": "",
      "Background": "",
      "Processed": false,
      "TypeBenefit": 0,
      "Benefit": 0,
      "OneTimeOffer": false,
      "ShopPanelLayout": [69, 4],
      "ShopStyleSet": [0, 0],
      "BoxType": 100,
      "IsForMoonEvent": true,
      "IsForPortalEvent": false,
      "IsForHorizonEvent": false,
      "LoadOnStartup": false,
      "StarrDrops": false,
      "NeedsBrawler": 0,
      "UpdateOffers": false,
      "PortaliumStarrDrop": false
    },
    {
      "Rewards": [
        {
          "ItemType": 19,
          "Amount": 1,
          "BrawlerID": [0, 0],
          "Extra": 1396,
          "ItemName": "",
          "BrawlerPower": 1
        }
      ],
      "Currency": 0,
      "Cost": 9,
      "Time": 86400,
      "Claim": false,
      "DailyOffer": false,
      "OldPrice": 0,
      "Text": "",
      "Background": "",
      "Processed": false,
      "TypeBenefit": 0,
      "Benefit": 0,
      "OneTimeOffer": false,
      "ShopPanelLayout": [69, 4],
      "ShopStyleSet": [0, 0],
      "BoxType": 100,
      "IsForMoonEvent": true,
      "IsForPortalEvent": false,
      "IsForHorizonEvent": false,
      "LoadOnStartup": false,
      "StarrDrops": false,
      "NeedsBrawler": 0,
      "UpdateOffers": false,
      "PortaliumStarrDrop": false
    },
    {
      "Rewards": [
        {
          "ItemType": 19,
          "Amount": 1,
          "BrawlerID": [0, 0],
          "Extra": 1397,
          "ItemName": "",
          "BrawlerPower": 1
        }
      ],
      "Currency": 0,
      "Cost": 29,
      "Time": 86400,
      "Claim": false,
      "DailyOffer": false,
      "OldPrice": 0,
      "Text": "",
      "Background": "",
      "Processed": false,
      "TypeBenefit": 0,
      "Benefit": 0,
      "OneTimeOffer": false,
      "ShopPanelLayout": [69, 4],
      "ShopStyleSet": [0, 0],
      "BoxType": 100,
      "IsForMoonEvent": true,
      "IsForPortalEvent": false,
      "IsForHorizonEvent": false,
      "LoadOnStartup": false,
      "StarrDrops": false,
      "NeedsBrawler": 0,
      "UpdateOffers": false,
      "PortaliumStarrDrop": false
    },
    {
      "Rewards": [
        {
          "ItemType": 1,
          "Amount": 100,
          "BrawlerID": [0, 0],
          "Extra": 1303,
          "ItemName": "",
          "BrawlerPower": 1
        }
      ],
      "Currency": 6,
      "Cost": 0,
      "Time": 86400,
      "Claim": true,
      "DailyOffer": false,
      "OldPrice": 0,
      "Text": "",
      "Background": "",
      "Processed": false,
      "TypeBenefit": 0,
      "Benefit": 0,
      "OneTimeOffer": false,
      "ShopPanelLayout": [0, 0],
      "ShopStyleSet": [0, 0],
      "BoxType": 100,
      "IsForMoonEvent": true,
      "IsForPortalEvent": false,
      "IsForHorizonEvent": false,
      "LoadOnStartup": false,
      "StarrDrops": false,
      "NeedsBrawler": 0,
      "UpdateOffers": false,
      "PortaliumStarrDrop": false
    },
    {
      "Rewards": [
        {
          "ItemType": 49,
          "Amount": 1,
          "BrawlerID": [16, 0],
          "Extra": 4,
          "ItemName": "",
          "BrawlerPower": 1
        }
      ],
      "Currency": 0,
      "Cost": 169,
      "Time": 86400,
      "Claim": false,
      "DailyOffer": false,
      "OldPrice": 0,
      "Text": "ЛЕГЕНДАРНЫЙ ПРИЗ СТАРР",
      "Background": "offer_rarity_legendary",
      "Processed": false,
      "TypeBenefit": 0,
      "Benefit": 0,
      "OneTimeOffer": false,
      "ShopPanelLayout": [0, 0],
      "ShopStyleSet": [0, 0],
      "BoxType": 100,
      "IsForMoonEvent": true,
      "IsForPortalEvent": false,
      "IsForHorizonEvent": false,
      "LoadOnStartup": false,
      "StarrDrops": true,
      "NeedsBrawler": 0,
      "UpdateOffers": false,
      "PortaliumStarrDrop": false
    },
    {
      "Rewards": [
        {
          "ItemType": 5,
          "Amount": 1,
          "BrawlerID": [16, 0],
          "Extra": 613,
          "ItemName": "",
          "BrawlerPower": 1
        }
      ],
      "Currency": 0,
      "Cost": 0,
      "Time": 86400,
      "Claim": false,
      "DailyOffer": false,
      "OldPrice": 0,
      "Text": "ХАОС",
      "Background": "offer_overcharge",
      "Processed": false,
      "TypeBenefit": 0,
      "Benefit": 0,
      "OneTimeOffer": false,
      "ShopPanelLayout": [0, 0],
      "ShopStyleSet": [0, 0],
      "BoxType": 100,
      "IsForMoonEvent": true,
      "IsForPortalEvent": false,
      "IsForHorizonEvent": false,
      "LoadOnStartup": false,
      "StarrDrops": false,
      "NeedsBrawler": 0,
      "UpdateOffers": false,
      "PortaliumStarrDrop": false
    },
    {
      "Rewards": [
        {
          "ItemType": 1,
          "Amount": 1250,
          "BrawlerID": [16, 72],
          "Extra": 0,
          "ItemName": "",
          "BrawlerPower": 1
        }
      ],
      "Currency": 0,
      "Cost": 49,
      "Time": 86400,
      "Claim": false,
      "DailyOffer": false,
      "OldPrice": 69,
      "Text": "ПЕРЛ: РАННИЙ ДОСТУП\n(2/7)",
      "Background": "offer_wasteland",
      "Processed": false,
      "TypeBenefit": 0,
      "Benefit": 0,
      "OneTimeOffer": false,
      "ShopPanelLayout": [0, 0],
      "ShopStyleSet": [0, 0],
      "BoxType": 100,
      "IsForMoonEvent": true,
      "IsForPortalEvent": false,
      "IsForHorizonEvent": false,
      "LoadOnStartup": false,
      "StarrDrops": false,
      "NeedsBrawler": 0,
      "UpdateOffers": false,
      "PortaliumStarrDrop": false
    },
    {
      "Rewards": [
        {
          "ItemType": 19,
          "Amount": 1,
          "BrawlerID": [0, 0],
          "Extra": 1398,
          "ItemName": "",
          "BrawlerPower": 1
        }
      ],
      "Currency": 0,
      "Cost": 29,
      "Time": 86400,
      "Claim": false,
      "DailyOffer": false,
      "OldPrice": 0,
      "Text": "",
      "Background": "",
      "Processed": false,
      "TypeBenefit": 0,
      "Benefit": 0,
      "OneTimeOffer": false,
      "ShopPanelLayout": [69, 4],
      "ShopStyleSet": [0, 0],
      "BoxType": 100,
      "IsForMoonEvent": true,
      "IsForPortalEvent": false,
      "IsForHorizonEvent": false,
      "LoadOnStartup": false,
      "StarrDrops": false,
      "NeedsBrawler": 0,
      "UpdateOffers": false,
      "PortaliumStarrDrop": false
    },
    {
      "Rewards": [
        {
          "ItemType": 19,
          "Amount": 1,
          "BrawlerID": [0, 0],
          "Extra": 1399,
          "ItemName": "",
          "BrawlerPower": 1
        }
      ],
      "Currency": 0,
      "Cost": 49,
      "Time": 86400,
      "Claim": false,
      "DailyOffer": false,
      "OldPrice": 0,
      "Text": "",
      "Background": "",
      "Processed": false,
      "TypeBenefit": 0,
      "Benefit": 0,
      "OneTimeOffer": false,
      "ShopPanelLayout": [69, 4],
      "ShopStyleSet": [0, 0],
      "BoxType": 100,
      "IsForMoonEvent": true,
      "IsForPortalEvent": false,
      "IsForHorizonEvent": false,
      "LoadOnStartup": false,
      "StarrDrops": false,
      "NeedsBrawler": 0,
      "UpdateOffers": false,
      "PortaliumStarrDrop": false
    },
    {
      "Rewards": [
        {
          "ItemType": 19,
          "Amount": 1,
          "BrawlerID": [0, 0],
          "Extra": 1400,
          "ItemName": "",
          "BrawlerPower": 1
        }
      ],
      "Currency": 0,
      "Cost": 49,
      "Time": 86400,
      "Claim": false,
      "DailyOffer": false,
      "OldPrice": 0,
      "Text": "",
      "Background": "",
      "Processed": false,
      "TypeBenefit": 0,
      "Benefit": 0,
      "OneTimeOffer": false,
      "ShopPanelLayout": [69, 4],
      "ShopStyleSet": [0, 0],
      "BoxType": 100,
      "IsForMoonEvent": true,
      "IsForPortalEvent": false,
      "IsForHorizonEvent": false,
      "LoadOnStartup": false,
      "StarrDrops": false,
      "NeedsBrawler": 0,
      "UpdateOffers": false,
      "PortaliumStarrDrop": false
    },
    {
      "Rewards": [
        {
          "ItemType": 19,
          "Amount": 1,
          "BrawlerID": [0, 0],
          "Extra": 1401,
          "ItemName": "",
          "BrawlerPower": 1
        }
      ],
      "Currency": 0,
      "Cost": 49,
      "Time": 86400,
      "Claim": false,
      "DailyOffer": false,
      "OldPrice": 0,
      "Text": "",
      "Background": "",
      "Processed": false,
      "TypeBenefit": 0,
      "Benefit": 0,
      "OneTimeOffer": false,
      "ShopPanelLayout": [69, 4],
      "ShopStyleSet": [0, 0],
      "BoxType": 100,
      "IsForMoonEvent": true,
      "IsForPortalEvent": false,
      "IsForHorizonEvent": false,
      "LoadOnStartup": false,
      "StarrDrops": false,
      "NeedsBrawler": 0,
      "UpdateOffers": false,
      "PortaliumStarrDrop": false
    }
    
    
    
    
   
   
    
    
  ]
}