{
  "Offers": [
    {
      "Rewards": [
        {
          "ItemType": 49,
          "Amount": 1,
          "BrawlerID": [0, 0],
          "Extra": 0,
          "ItemName": "",
          "BrawlerPower": 1
        }
      ],
      "Currency": 0,
      "Cost": 19,
      "Time": 86400,
      "Claim": false,
      "DailyOffer": false,
      "OldPrice": 29,
      "Text": "РЕДКИЙ ПРИЗ СТАРР",
      "Background": "offer_rarity_rare",
      "Processed": false,
      "TypeBenefit": 0,
      "Benefit": 0,
      "OneTimeOffer": false,
      "ShopPanelLayout": [0, 0],
      "ShopStyleSet": [0, 0],
      "BoxType": 100,
      "OfferType": 0,
      "IsForPortalEvent": false,
      "IsForHorizonEvent": false,
      "LoadOnStartup": false,
      "StarrDrops": true,
      "NeedsBrawler": 0,
      "UpdateOffers": false,
      "PortaliumStarrDrop": false
    },
    {
      "Rewards": [
        {
          "ItemType": 3,
          "Amount": 1,
          "BrawlerID": [16, 70],
          "Extra": 0,
          "ItemName": "",
          "BrawlerPower": 1
        },
        {
          "ItemType": 45,
          "Amount": 1250,
          "BrawlerID": [0, 0],
          "Extra": 0,
          "ItemName": "",
          "BrawlerPower": 1
        }
      ],
      "Currency": 0,
      "Cost": 99,
      "Time": 86400,
      "Claim": false,
      "DailyOffer": false,
      "OldPrice": 169,
      "Text": "КОНЕЦ ЗАЧАРОВАННОГО ЛЕСА",
      "Background": "offer_bgr_enchanted",
      "Processed": false,
      "TypeBenefit": 0,
      "Benefit": 0,
      "OneTimeOffer": false,
      "ShopPanelLayout": [0, 0],
      "ShopStyleSet": [70, 0],
      "BoxType": 100,
      "OfferType": 0,
      "IsForPortalEvent": false,
      "IsForHorizonEvent": false,
      "LoadOnStartup": false,
      "StarrDrops": false,
      "NeedsBrawler": 0,
      "UpdateOffers": false,
      "PortaliumStarrDrop": false
    },
    {
      "Rewards": [
        {
          "ItemType": 41,
          "Amount": 210,
          "BrawlerID": [16, 70],
          "Extra": 0,
          "ItemName": "",
          "BrawlerPower": 1
        }
      ],
      "Currency": 0,
      "Cost": 29,
      "Time": 86400,
      "Claim": false,
      "DailyOffer": false,
      "OldPrice": 49,
      "Text": "ОСОБАЯ АКЦИЯ",
      "Background": "offer_enchanted",
      "Processed": false,
      "TypeBenefit": 0,
      "Benefit": 0,
      "OneTimeOffer": false,
      "ShopPanelLayout": [0, 0],
      "ShopStyleSet": [0, 0],
      "BoxType": 100,
      "OfferType": 0,
      "IsForPortalEvent": false,
      "IsForHorizonEvent": false,
      "LoadOnStartup": false,
      "StarrDrops": false,
      "NeedsBrawler": 0,
      "UpdateOffers": false,
      "PortaliumStarrDrop": false
    },
    {
      "Rewards": [
        {
          "ItemType": 49,
          "Amount": 5,
          "BrawlerID": [16, 70],
          "Extra": 4,
          "ItemName": "",
          "BrawlerPower": 1
        }
      ],
      "Currency": 0,
      "Cost": 0,
      "Time": 86400,
      "Claim": false,
      "DailyOffer": false,
      "OldPrice": 49,
      "Text": "5 ЛЕГЕНДАРНЫХ ПРИЗОВ СТАРР",
      "Background": "offer_rarity_legendary",
      "Processed": false,
      "TypeBenefit": 0,
      "Benefit": 0,
      "OneTimeOffer": false,
      "ShopPanelLayout": [0, 0],
      "ShopStyleSet": [0, 0],
      "BoxType": 100,
      "OfferType": 0,
      "IsForPortalEvent": false,
      "IsForHorizonEvent": false,
      "LoadOnStartup": false,
      "StarrDrops": true,
      "NeedsBrawler": 0,
      "UpdateOffers": false,
      "PortaliumStarrDrop": false
    },
    {
      "Rewards": [
        {
          "ItemType": 25,
          "Amount": 1,
          "BrawlerID": [16, 70],
          "Extra": 275,
          "ItemName": "",
          "BrawlerPower": 1
        }
      ],
      "Currency": 0,
      "Cost": 29,
      "Time": 86400,
      "Claim": false,
      "DailyOffer": false,
      "OldPrice": 0,
      "Text": "ОСОБАЯ АКЦИЯ",
      "Background": "offer_enchanted",
      "Processed": false,
      "TypeBenefit": 0,
      "Benefit": 0,
      "OneTimeOffer": false,
      "ShopPanelLayout": [0, 0],
      "ShopStyleSet": [0, 0],
      "BoxType": 100,
      "OfferType": 0,
      "IsForPortalEvent": false,
      "IsForHorizonEvent": false,
      "LoadOnStartup": false,
      "StarrDrops": false,
      "NeedsBrawler": 0,
      "UpdateOffers": false,
      "PortaliumStarrDrop": false
    },
    {
      "Rewards": [
        {
          "ItemType": 38,
          "Amount": 510,
          "BrawlerID": [16, 70],
          "Extra": 1,
          "ItemName": "",
          "BrawlerPower": 1
        }
      ],
      "Currency": 0,
      "Cost": 49,
      "Time": 86400,
      "Claim": false,
      "DailyOffer": false,
      "OldPrice": 69,
      "Text": "ОСОБАЯ АКЦИЯ",
      "Background": "offer_enchanted",
      "Processed": false,
      "TypeBenefit": 0,
      "Benefit": 0,
      "OneTimeOffer": false,
      "ShopPanelLayout": [0, 0],
      "ShopStyleSet": [0, 0],
      "BoxType": 100,
      "OfferType": 0,
      "IsForPortalEvent": false,
      "IsForHorizonEvent": false,
      "LoadOnStartup": false,
      "StarrDrops": false,
      "NeedsBrawler": 0,
      "UpdateOffers": false,
      "PortaliumStarrDrop": false
    },
    {
      "Rewards": [
        {
          "ItemType": 4,
          "Amount": 1,
          "BrawlerID": [0, 0],
          "Extra": 52,
          "ItemName": "",
          "BrawlerPower": 1
        }
      ],
      "Currency": 6,
      "Cost": 5000,
      "Time": 86400,
      "Claim": false,
      "DailyOffer": false,
      "OldPrice": 0,
      "Text": "УНИКАЛЬНОЕ ПРЕДЛОЖЕНИЕ",
      "Background": "offer_enchanted",
      "Processed": false,
      "TypeBenefit": 0,
      "Benefit": 0,
      "OneTimeOffer": true,
      "ShopPanelLayout": [0, 0],
      "ShopStyleSet": [0, 0],
      "BoxType": 100,
      "OfferType": 0,
      "IsForPortalEvent": false,
      "IsForHorizonEvent": false,
      "LoadOnStartup": false,
      "StarrDrops": false,
      "NeedsBrawler": 0,
      "UpdateOffers": false,
      "PortaliumStarrDrop": false
    },
    {
      "Rewards": [
        {
          "ItemType": 45,
          "Amount": 2750,
          "BrawlerID": [0, 0],
          "Extra": 0,
          "ItemName": "",
          "BrawlerPower": 1
        },
        {
          "ItemType": 1,
          "Amount": 1000,
          "BrawlerID": [0, 0],
          "Extra": 0,
          "ItemName": "",
          "BrawlerPower": 1
        }
      ],
      "Currency": 0,
      "Cost": 79,
      "Time": 86400,
      "Claim": false,
      "DailyOffer": false,
      "OldPrice": 99,
      "Text": "ОСОБАЯ АКЦИЯ",
      "Background": "offer_enchanted",
      "Processed": false,
      "TypeBenefit": 0,
      "Benefit": 0,
      "OneTimeOffer": false,
      "ShopPanelLayout": [0, 0],
      "ShopStyleSet": [0, 0],
      "BoxType": 100,
      "OfferType": 0,
      "IsForPortalEvent": false,
      "IsForHorizonEvent": false,
      "LoadOnStartup": false,
      "StarrDrops": false,
      "NeedsBrawler": 0,
      "UpdateOffers": false,
      "PortaliumStarrDrop": false
    },
    {
      "Rewards": [
        {
          "ItemType": 4,
          "Amount": 11,
          "BrawlerID": [16, 1],
          "Extra": 704,
          "ItemName": "",
          "BrawlerPower": 1
        }
      ],
      "Currency": 6,
      "Cost": 750,
      "Time": 86400,
      "Claim": false,
      "DailyOffer": false,
      "OldPrice": 0,
      "Text": "CORDELIUS SKIN",
      "Background": "",
      "Processed": false,
      "TypeBenefit": 0,
      "Benefit": 0,
      "OneTimeOffer": false,
      "ShopPanelLayout": [0, 0],
      "ShopStyleSet": [0, 0],
      "BoxType": 100,
      "OfferType": 4,
      "IsForPortalEvent": false,
      "IsForHorizonEvent": false,
      "LoadOnStartup": false,
      "StarrDrops": false,
      "NeedsBrawler": 0,
      "UpdateOffers": false,
      "PortaliumStarrDrop": false
    },
    {
      "Rewards": [
        {
          "ItemType": 48,
          "Amount": 11,
          "BrawlerID": [16, 0],
          "Extra": 0,
          "ItemName": "",
          "BrawlerPower": 1
        },
        {
          "ItemType": 5,
          "Amount": 1,
          "BrawlerID": [16, 0],
          "Extra": 613,
          "ItemName": "",
          "BrawlerPower": 1
        }
      ],
      "Currency": 0,
      "Cost": 279,
      "Time": 86400,
      "Claim": false,
      "DailyOffer": false,
      "OldPrice": 0,
      "Text": "test",
      "Background": "",
      "Processed": false,
      "TypeBenefit": 0,
      "Benefit": 0,
      "OneTimeOffer": false,
      "ShopPanelLayout": [0, 0],
      "ShopStyleSet": [70, 0],
      "BoxType": 100,
      "OfferType": 0,
      "IsForPortalEvent": false,
      "IsForHorizonEvent": false,
      "LoadOnStartup": false,
      "StarrDrops": false,
      "NeedsBrawler": 0,
      "UpdateOffers": false,
      "PortaliumStarrDrop": false
    }
  ]
  
}